{"cameraMode":{"drawMode":0,"name":"Shaded","section":"Shading Mode"},"sceneLighting":true,"audioPlay":false,"sceneViewState":{"showFog":true,"showMaterialUpdate":false,"showSkybox":true,"showFlares":true,"showImageEffects":true,"showParticleSystems":true},"in2DMode":false,"pivot":{"x":10.872722625732422,"y":7.141273021697998,"z":7.495393753051758},"rotation":{"x":0.08667799830436707,"y":-0.6567814350128174,"z":0.07640057057142258,"w":0.7452008724212647},"size":22.0,"orthographic":false}